clientid,income,age,loan,LTIR,default10yr
1,66156,59,8107,0.123,0
2,34415,48,6565,0.191,0
3,57317,63,8021,0.14,0
4,42710,46,6104,0.143,0
5,66953,19,8770,0.131,1
6,24904,57,15,0.001,0
7,48430,27,5723,0.118,0
8,24500,33,2971,0.121,1
9,40655,55,4756,0.117,0
10,25076,40,1409,0.056,0
11,64131,26,4351,0.068,0
12,59437,60,9254,0.156,0
13,61050,26,5893,0.097,0
14,27268,62,4760,0.175,0
15,63062,39,1850,0.029,0
16,50502,28,3977,0.079,0
17,43549,40,3936,0.09,0
18,43378,61,3278,0.076,0
19,20542,62,3157,0.154,0
20,58887,26,4966,0.084,0
21,23001,32,1148,0.05,0
22,32198,52,4244,0.132,0
23,23329,49,223,0.01,0
24,27846,52,4960,0.178,0
25,65302,49,5465,0.084,0
26,47452,27,5361,0.113,0
27,63287,36,9595,0.152,0
28,45727,56,6377,0.139,0
29,59418,31,2083,0.035,0
30,58843,55,10871,0.185,0
31,48529,44,6156,0.127,0
32,23526,53,2862,0.122,0
33,67253,38,4221,0.063,0
34,58887,39,7272,0.123,0
35,57585,37,1728,0.03,0
36,26290,21,341,0.013,0
37,25952,58,2109,0.081,0
38,32464,50,4327,0.133,0
39,60921,19,969,0.016,0
40,26579,33,3490,0.131,1
41,66260,33,7036,0.106,0
42,58787,63,4168,0.071,0
43,62546,49,4363,0.07,0
44,24382,25,4227,0.173,1
45,67852,47,5731,0.084,0
46,41726,18,1185,0.028,0
47,41897,47,4892,0.117,0
48,44380,50,1814,0.041,0
49,28417,58,1789,0.063,0
50,68427,46,1658,0.024,0
51,35976,36,6610,0.184,0
52,57596,29,3344,0.058,0
53,29682,55,1746,0.059,0
54,51657,48,7158,0.139,0
55,24913,49,268,0.011,0
56,47762,50,5550,0.116,0
57,22248,23,4365,0.196,1
58,29724,32,3075,0.103,0
59,52144,21,2393,0.046,0
60,56578,37,5947,0.105,0
61,37661,54,2130,0.057,0
62,37404,48,2044,0.055,0
63,31653,62,5151,0.163,0
64,32728,34,1088,0.033,0
65,69079,25,4077,0.059,0
66,40622,42,4950,0.122,0
67,37521,61,8,0,0
68,30736,22,5947,0.193,1
69,24858,22,2692,0.108,0
70,33180,50,4622,0.139,0
71,66628,52,5993,0.09,0
72,38565,21,5604,0.145,1
73,33705,33,5898,0.175,1
74,57018,45,3507,0.062,0
75,40527,29,2120,0.052,0
76,50828,51,1766,0.035,0
77,40776,60,1923,0.047,0
78,55467,57,9227,0.166,0
79,38789,61,7651,0.197,0
80,58075,50,7388,0.127,0
81,57814,44,7252,0.125,0
82,45191,54,7894,0.175,0
83,36802,43,5406,0.147,0
84,68812,24,4211,0.061,0
85,30483,34,4514,0.148,1
86,44930,20,7708,0.172,1
87,43671,26,8067,0.185,1
88,27613,19,1514,0.055,0
89,53607,28,2379,0.044,0
90,33037,25,959,0.029,0
91,64276,61,7520,0.117,0
92,30674,59,383,0.012,0
93,58794,56,4392,0.075,0
94,21053,63,755,0.036,0
95,42095,55,1184,0.028,0
96,50361,29,4217,0.084,0
97,41971,63,1622,0.039,0
98,51663,64,4148,0.08,0
99,53602,20,9601,0.179,1
100,43440,24,6879,0.158,1
101,51461,37,7292,0.142,0
102,41285,48,2314,0.056,0
103,62896,50,2001,0.032,0
104,57296,26,10601,0.185,1
105,60844,46,12072,0.198,0
106,47635,44,142,0.003,0
107,23998,30,3928,0.164,1
108,63392,35,191,0.003,0
109,21535,44,228,0.011,0
110,28256,36,2109,0.075,0
111,36496,20,166,0.005,0
112,41632,53,106,0.003,0
113,68762,21,2797,0.041,0
114,30075,29,2629,0.087,0
115,41303,39,1380,0.033,0
116,39704,47,2403,0.061,0
117,63161,60,804,0.013,0
118,63062,27,56,0.001,0
119,34508,39,1794,0.052,0
120,27955,30,1627,0.058,0
121,37369,35,3784,0.101,0
122,43912,24,7757,0.177,1
123,22767,29,1429,0.063,0
124,21603,21,178,0.008,0
125,61953,18,3636,0.059,0
126,36116,23,1495,0.041,0
127,26158,23,2296,0.088,0
128,26458,60,552,0.021,0
129,69156,53,7365,0.106,0
130,39441,47,1035,0.026,0
131,60119,45,1811,0.03,0
132,55613,24,4255,0.077,0
133,37049,29,6057,0.163,1
134,23122,53,4263,0.184,0
135,48790,32,5519,0.113,0
136,59133,48,4576,0.077,0
137,55306,54,8177,0.148,0
138,26037,25,3293,0.126,1
139,64900,38,4654,0.072,0
140,27089,21,5029,0.186,1
141,45341,23,6525,0.144,1
142,24866,37,4439,0.179,0
143,28240,26,4190,0.148,1
144,52730,50,5706,0.108,0
145,28982,39,2899,0.1,0
146,36221,26,5095,0.141,1
147,33551,59,4333,0.129,0
148,43891,49,5793,0.132,0
149,45149,61,6455,0.143,0
150,58481,41,5381,0.092,0
151,69580,58,10868,0.156,0
152,52743,44,2685,0.051,0
153,65636,51,12702,0.194,0
154,34560,29,3318,0.096,0
155,60219,32,3158,0.052,0
156,51690,46,9882,0.191,0
157,47542,55,1611,0.034,0
158,62906,28,11424,0.182,1
159,65633,47,12498,0.19,0
160,31848,41,2914,0.091,0
161,27947,58,5514,0.197,0
162,62247,31,407,0.007,0
163,40155,61,6013,0.15,0
164,58628,33,1216,0.021,0
165,33441,28,5283,0.158,1
166,55604,44,1411,0.025,0
167,31046,29,4908,0.158,1
168,44708,21,2391,0.053,0
169,23340,43,2708,0.116,0
170,24830,29,2047,0.082,0
171,31423,54,1687,0.054,0
172,60477,60,10712,0.177,0
173,26039,49,2057,0.079,0
174,36187,51,1131,0.031,0
175,39772,44,5493,0.138,0
176,34730,63,819,0.024,0
177,23118,58,1747,0.076,0
178,50073,33,8089,0.162,1
179,67465,24,1803,0.027,0
180,38626,20,5837,0.151,1
181,45227,27,5522,0.122,1
182,64902,45,9590,0.148,0
183,40544,51,6508,0.161,0
184,27793,61,382,0.014,0
185,61168,21,10397,0.17,1
186,64620,26,9705,0.15,1
187,37594,54,7274,0.193,0
188,35033,57,136,0.004,0
189,58364,56,5810,0.1,0
190,56946,46,6388,0.112,0
191,27205,29,3828,0.141,1
192,21648,53,3559,0.164,0
193,31078,44,4452,0.143,0
194,42523,54,6791,0.16,0
195,31769,45,1148,0.036,0
196,35557,24,6362,0.179,1
197,52909,54,9841,0.186,0
198,35045,29,2382,0.068,0
199,44488,33,2751,0.062,0
200,41680,54,395,0.009,0
201,54620,52,10780,0.197,0
202,38054,26,6111,0.161,1
203,64719,37,1485,0.023,0
204,43159,62,4350,0.101,0
205,29446,28,1759,0.06,0
206,25817,38,4115,0.159,0
207,66357,62,10725,0.162,0
208,56676,47,2279,0.04,0
209,61000,49,2161,0.035,0
210,58906,42,9291,0.158,0
211,49589,43,2627,0.053,0
212,40142,56,845,0.021,0
213,31660,32,859,0.027,0
214,62658,25,3343,0.053,0
215,39264,37,5256,0.134,0
216,46643,53,6441,0.138,0
217,30515,20,415,0.014,0
218,65077,51,11062,0.17,0
219,60872,61,4844,0.08,0
220,25011,36,3834,0.153,0
221,68407,61,598,0.009,0
222,43727,55,1171,0.027,0
223,45789,41,5894,0.129,0
224,65705,51,1970,0.03,0
225,32435,41,2738,0.084,0
226,58122,27,7531,0.13,1
227,62499,32,3313,0.053,0
228,26091,48,4256,0.163,0
229,64781,20,8402,0.13,1
230,65588,23,7880,0.12,1
231,65744,52,7725,0.117,0
232,37165,47,1446,0.039,0
233,65177,49,2365,0.036,0
234,34616,26,6477,0.187,1
235,59079,59,10326,0.175,0
236,56267,22,7329,0.13,1
237,34863,55,6041,0.173,0
238,60521,45,8036,0.133,0
239,42277,58,8055,0.191,0
240,38451,63,3441,0.089,0
241,45985,54,7382,0.161,0
242,51000,28,779,0.015,0
243,31523,40,5175,0.164,0
244,28649,18,1871,0.065,0
245,27514,22,3401,0.124,1
246,27441,37,1455,0.053,0
247,67709,50,5137,0.076,0
248,38601,45,2749,0.071,0
249,30950,26,5043,0.163,1
250,27084,61,3286,0.121,0
251,21513,25,2453,0.114,0
252,34796,58,444,0.013,0
253,27089,51,1851,0.068,0
254,25259,40,4341,0.172,0
255,47007,45,4069,0.087,0
256,20359,54,1065,0.052,0
257,67900,44,7903,0.116,0
258,54418,55,5631,0.103,0
259,51289,30,6537,0.127,1
260,28200,37,3872,0.137,0
261,22200,60,1498,0.067,0
262,50514,57,2004,0.04,0
263,34414,55,618,0.018,0
264,37633,29,868,0.023,0
265,55236,47,4911,0.089,0
266,45588,62,8367,0.184,0
267,52758,53,2321,0.044,0
268,41175,52,2888,0.07,0
269,25686,39,491,0.019,0
270,28145,56,4806,0.171,0
271,52094,41,495,0.01,0
272,33552,25,6054,0.18,1
273,37401,50,1693,0.045,0
274,21606,23,2828,0.131,1
275,57563,57,8509,0.148,0
276,62289,26,10657,0.171,1
277,22767,45,1206,0.053,0
278,20943,20,4098,0.196,1
279,20623,30,3518,0.171,1
280,48437,49,5851,0.121,0
281,27575,58,1017,0.037,0
282,62889,33,6525,0.104,0
283,37683,56,7415,0.197,0
284,54974,62,8922,0.162,0
285,56326,40,4817,0.086,0
286,65671,50,3951,0.06,0
287,50731,42,1879,0.037,0
288,64185,46,1854,0.029,0
289,66179,48,3647,0.055,0
290,24970,45,3596,0.144,0
291,54926,41,554,0.01,0
292,67879,44,10433,0.154,0
293,67788,53,9607,0.142,0
294,31658,38,1448,0.046,0
295,36559,20,3030,0.083,0
296,57788,23,6340,0.11,0
297,42522,48,2662,0.063,0
298,51935,21,5649,0.109,0
299,45678,52,2966,0.065,0
300,51364,21,761,0.015,0
301,27219,55,4145,0.152,0
302,43678,33,6740,0.154,1
303,21534,58,1972,0.092,0
304,28010,55,3971,0.142,0
305,51589,50,57,0.001,0
306,50481,27,8831,0.175,1
307,43957,21,5416,0.123,1
308,61878,33,568,0.009,0
309,60153,20,6472,0.108,0
310,33389,62,4552,0.136,0
311,41310,54,4481,0.108,0
312,25577,52,1923,0.075,0
313,51455,37,9447,0.184,0
314,48134,48,2076,0.043,0
315,51349,52,1508,0.029,0
316,20533,55,1898,0.092,0
317,33297,47,3675,0.11,0
318,55859,26,5630,0.101,0
319,43778,20,3601,0.082,0
320,27790,59,187,0.007,0
321,36132,34,99,0.003,0
322,20146,21,840,0.042,0
323,63109,43,5758,0.091,0
324,26582,62,5090,0.192,0
325,62041,62,7644,0.123,0
326,69959,31,8756,0.125,1
327,38083,46,4213,0.111,0
328,45183,34,5953,0.132,1
329,36242,39,5689,0.157,0
330,44527,42,4588,0.103,0
331,40496,20,4835,0.119,0
332,24699,49,2428,0.098,0
333,60560,50,1995,0.033,0
334,48018,50,6120,0.127,0
335,30216,27,2117,0.07,0
336,61742,45,8068,0.131,0
337,47288,62,4005,0.085,0
338,24659,59,591,0.024,0
339,64644,59,9848,0.152,0
340,57518,52,4537,0.079,0
341,52946,55,6262,0.118,0
342,36367,47,371,0.01,0
343,62114,28,11929,0.192,1
344,62280,27,6801,0.109,0
345,61799,57,5619,0.091,0
346,50140,30,7759,0.155,1
347,69567,53,9875,0.142,0
348,44897,51,5732,0.128,0
349,22572,51,724,0.032,0
350,37123,20,5660,0.152,1
351,68745,61,5208,0.076,0
352,21081,52,2395,0.114,0
353,58828,32,5948,0.101,0
354,46706,19,7084,0.152,1
355,32313,28,228,0.007,0
356,60779,43,10021,0.165,0
357,30948,43,3996,0.129,0
358,60122,63,7189,0.12,0
359,43322,32,744,0.017,0
360,47904,40,6184,0.129,0
361,58597,53,2588,0.044,0
362,66092,24,8744,0.132,1
363,47317,27,1941,0.041,0
364,40873,55,5312,0.13,0
365,35154,53,4038,0.115,0
366,32223,62,934,0.029,0
367,40448,22,1072,0.027,0
368,48463,51,8120,0.168,0
369,42843,29,840,0.02,0
370,50310,53,8362,0.166,0
371,57565,38,5354,0.093,0
372,55066,56,9333,0.169,0
373,46066,53,4947,0.107,0
374,38310,55,3546,0.093,0
375,54472,59,10836,0.199,0
376,58695,30,1827,0.031,0
377,54749,32,5438,0.099,0
378,46328,57,7880,0.17,0
379,49633,39,7915,0.159,0
380,66340,36,2351,0.035,0
381,62651,33,6425,0.103,0
382,27647,56,3132,0.113,0
383,21438,46,2564,0.12,0
384,50648,57,7111,0.14,0
385,29671,54,2929,0.099,0
386,20259,29,2768,0.137,1
387,34475,42,3162,0.092,0
388,28926,62,750,0.026,0
389,20661,49,1756,0.085,0
390,24988,49,3947,0.158,0
391,29673,51,608,0.02,0
392,23242,41,457,0.02,0
393,24217,24,2104,0.087,0
394,65574,24,3031,0.046,0
395,55994,31,681,0.012,0
396,67369,58,2299,0.034,0
397,23306,28,4521,0.194,1
398,35195,50,2837,0.081,0
399,27135,55,1387,0.051,0
400,24037,23,2469,0.103,0
401,51625,45,4592,0.089,0
402,50706,53,1097,0.022,0
403,58079,19,11540,0.199,1
404,62192,46,1864,0.03,0
405,62554,64,4642,0.074,0
406,68148,23,12308,0.181,1
407,27620,48,2775,0.1,0
408,65330,29,4031,0.062,0
409,26680,48,1671,0.063,0
410,46105,51,2342,0.051,0
411,44905,44,4954,0.11,0
412,52935,50,3249,0.061,0
413,43510,18,7363,0.169,1
414,22118,63,3928,0.178,0
415,56275,30,2225,0.04,0
416,48631,27,5863,0.121,1
417,64273,38,4930,0.077,0
418,24349,54,3890,0.16,0
419,34332,37,1226,0.036,0
420,64940,44,8197,0.126,0
421,30596,41,3495,0.114,0
422,53422,28,7442,0.139,1
423,69996,53,2084,0.03,0
424,48271,45,6232,0.129,0
425,27028,48,331,0.012,0
426,23520,34,2368,0.101,0
427,37302,35,2366,0.063,0
428,55601,19,10533,0.189,1
429,62679,26,333,0.005,0
430,41602,25,7005,0.168,1
431,27533,47,1551,0.056,0
432,30594,50,118,0.004,0
433,47847,24,3713,0.078,0
434,55273,25,10283,0.186,1
435,23086,25,1256,0.054,0
436,29621,32,5575,0.188,1
437,47534,40,6638,0.14,0
438,62519,44,2325,0.037,0
439,50879,45,3257,0.064,0
440,58581,57,4318,0.074,0
441,69446,29,10643,0.153,1
442,60929,60,11146,0.183,0
443,35497,47,168,0.005,0
444,33572,57,3369,0.1,0
445,55307,20,5273,0.095,0
446,34142,47,3372,0.099,0
447,40454,21,891,0.022,0
448,69089,54,11246,0.163,0
449,30886,55,5216,0.169,0
450,58683,25,272,0.005,0
451,60676,40,11618,0.191,0
452,68461,36,950,0.014,0
453,63654,28,8867,0.139,1
454,42523,18,5036,0.118,0
455,54140,31,7896,0.146,1
456,47548,48,6154,0.129,0
457,24114,52,3901,0.162,0
458,20686,33,3053,0.148,1
459,21412,26,2640,0.123,1
460,69391,64,2550,0.037,0
461,32319,43,2733,0.085,0
462,52863,47,9754,0.185,0
463,48383,40,2763,0.057,0
464,36431,38,5855,0.161,0
465,44269,28,6043,0.137,1
466,63806,57,114,0.002,0
467,46196,32,927,0.02,0
468,23743,43,3255,0.137,0
469,22090,21,2584,0.117,0
470,54707,44,10255,0.187,0
471,23204,59,749,0.032,0
472,25342,40,872,0.034,0
473,31646,32,5194,0.164,1
474,32307,22,3603,0.112,0
475,61263,49,5564,0.091,0
476,26389,19,1191,0.045,0
477,53009,36,3589,0.068,0
478,58164,59,2238,0.038,0
479,38665,55,6152,0.159,0
480,25289,53,3702,0.146,0
481,66050,29,13173,0.199,1
482,56283,62,8216,0.146,0
483,35779,31,5545,0.155,1
484,29174,19,666,0.023,0
485,55934,61,5643,0.101,0
486,32257,20,2809,0.087,0
487,68053,29,1416,0.021,0
488,26957,55,4173,0.155,0
489,48685,33,9699,0.199,1
490,38288,29,1723,0.045,0
491,42468,29,1902,0.045,0
492,55378,47,6883,0.124,0
493,54232,21,10156,0.187,1
494,53283,49,4065,0.076,0
495,52535,47,3810,0.073,0
496,47848,27,8494,0.178,1
497,59998,54,4660,0.078,0
498,58685,32,5416,0.092,0
499,49115,61,6389,0.13,0
500,57179,21,2992,0.052,0
501,69395,24,11048,0.159,1
502,43964,42,4481,0.102,0
503,66326,41,5602,0.084,0
504,35887,35,844,0.024,0
505,35578,42,3641,0.102,0
506,48689,37,3859,0.079,0
507,56511,47,9255,0.164,0
508,50276,42,5542,0.11,0
509,56665,62,11160,0.197,0
510,42912,61,4550,0.106,0
511,22170,37,947,0.043,0
512,35920,27,1227,0.034,0
513,61988,28,2618,0.042,0
514,30045,50,1428,0.048,0
515,61528,56,10898,0.177,0
516,31196,47,987,0.032,0
517,66004,33,11207,0.17,1
518,56961,26,4856,0.085,0
519,41315,58,1379,0.033,0
520,64913,27,9781,0.151,1
521,32805,62,4961,0.151,0
522,25789,26,2410,0.093,0
523,31908,38,1857,0.058,0
524,56050,24,6871,0.123,1
525,66506,26,6571,0.099,0
526,57504,56,8107,0.141,0
527,44619,60,2475,0.055,0
528,21159,54,3562,0.168,0
529,22765,21,541,0.024,0
530,25053,46,3368,0.134,0
531,61006,54,5851,0.096,0
532,62321,46,10649,0.171,0
533,49605,52,7046,0.142,0
534,48433,29,790,0.016,0
535,57590,19,7676,0.133,1
536,62692,25,8245,0.132,1
537,51122,59,6472,0.127,0
538,22517,56,4267,0.19,0
539,60857,37,10487,0.172,0
540,62908,51,3214,0.051,0
541,49666,50,2714,0.055,0
542,65323,41,2740,0.042,0
543,20599,36,3872,0.188,0
544,55477,52,4734,0.085,0
545,26218,18,3344,0.128,1
546,40795,38,6519,0.16,0
547,53720,43,1671,0.031,0
548,20716,28,370,0.018,0
549,57164,54,578,0.01,0
550,33751,25,6494,0.192,1
551,44833,32,1256,0.028,0
552,51036,59,2890,0.057,0
553,53493,22,5031,0.094,0
554,58206,57,10036,0.172,0
555,47440,22,7896,0.166,1
556,47586,42,3343,0.07,0
557,26101,62,960,0.037,0
558,45326,59,5142,0.113,0
559,24392,47,2198,0.09,0
560,53741,50,6513,0.121,0
561,40054,28,45,0.001,0
562,53034,38,10427,0.197,0
563,25177,54,3065,0.122,0
564,31211,54,3853,0.123,0
565,23532,60,1078,0.046,0
566,63777,44,6698,0.105,0
567,52279,46,4269,0.082,0
568,56016,33,2276,0.041,0
569,56111,63,9351,0.167,0
570,57857,34,8824,0.153,1
571,30187,28,4463,0.148,1
572,30787,47,3563,0.116,0
573,22279,59,3141,0.141,0
574,42476,46,8334,0.196,0
575,58148,34,3951,0.068,0
576,36266,56,3207,0.088,0
577,39045,27,1165,0.03,0
578,64468,63,522,0.008,0
579,36595,61,3492,0.095,0
580,58798,53,8893,0.151,0
581,66653,20,5181,0.078,0
582,48271,22,6078,0.126,1
583,30991,34,4589,0.148,1
584,45447,19,8475,0.186,1
585,37143,50,161,0.004,0
586,58321,20,10033,0.172,1
587,24826,55,3650,0.147,0
588,20511,27,932,0.045,0
589,48326,36,7169,0.148,0
590,55441,48,10769,0.194,0
591,60497,34,1115,0.018,0
592,25296,44,1320,0.052,0
593,50414,56,2468,0.049,0
594,67984,27,1643,0.024,0
595,50382,57,9184,0.182,0
596,49413,19,2554,0.052,0
597,61465,36,5099,0.083,0
598,53784,24,2762,0.051,0
599,35993,42,902,0.025,0
600,63402,47,7531,0.119,0
601,40485,39,1094,0.027,0
602,26168,42,3041,0.116,0
603,60044,61,6823,0.114,0
604,23985,51,4622,0.193,0
605,40360,32,1784,0.044,0
606,33584,62,1252,0.037,0
607,68039,63,10109,0.149,0
608,45652,54,5408,0.118,0
609,34399,32,6020,0.175,1
610,57628,24,5022,0.087,0
611,24295,22,4360,0.179,1
612,52219,38,9792,0.188,0
613,50062,55,6145,0.123,0
614,49352,58,3363,0.068,0
615,21087,49,3354,0.159,0
616,23812,43,2717,0.114,0
617,49395,41,5928,0.12,0
618,33339,47,2930,0.088,0
619,29668,39,2042,0.069,0
620,45937,42,8525,0.186,0
621,55948,40,8569,0.153,0
622,53240,64,4606,0.087,0
623,43694,50,5050,0.116,0
624,24078,38,3276,0.136,0
625,50259,23,1086,0.022,0
626,41817,49,4535,0.108,0
627,36893,54,6464,0.175,0
628,23887,34,4440,0.186,1
629,48758,23,1834,0.038,0
630,34602,34,2430,0.07,0
631,52986,50,4929,0.093,0
632,50741,22,785,0.015,0
633,53097,36,2663,0.05,0
634,38500,54,7572,0.197,0
635,41004,56,1016,0.025,0
636,63585,49,1595,0.025,0
637,31824,31,2290,0.072,0
638,26243,33,1801,0.069,0
639,63531,19,6918,0.109,0
640,64751,54,2290,0.035,0
641,31091,51,4071,0.131,0
642,66871,63,3614,0.054,0
643,25099,52,2612,0.104,0
644,33721,47,1366,0.041,0
645,28183,26,2286,0.081,0
646,27335,43,2964,0.108,0
647,68695,23,12732,0.185,1
648,46196,27,2889,0.063,0
649,34488,27,2156,0.063,0
650,57828,24,10817,0.187,1
651,20346,36,656,0.032,0
652,60481,53,3216,0.053,0
653,51916,44,2283,0.044,0
654,54626,32,8620,0.158,1
655,48305,55,4833,0.1,0
656,28578,21,1639,0.057,0
657,53401,58,10418,0.195,0
658,43414,44,7171,0.165,0
659,47526,57,8957,0.188,0
660,46082,55,2921,0.063,0
661,32196,62,4980,0.155,0
662,49067,61,7259,0.148,0
663,21293,42,1369,0.064,0
664,52101,23,4767,0.092,0
665,48334,53,2234,0.046,0
666,58508,49,694,0.012,0
667,27521,35,2700,0.098,0
668,63914,26,139,0.002,0
669,28599,53,524,0.018,0
670,23298,49,1741,0.075,0
671,35698,51,2908,0.081,0
672,40376,39,3902,0.097,0
673,56535,28,2161,0.038,0
674,36089,42,6222,0.172,0
675,34159,29,2911,0.085,0
676,29732,39,3485,0.117,0
677,41736,35,7603,0.182,1
678,42236,25,4749,0.112,0
679,28797,45,706,0.025,0
680,55097,34,9342,0.17,1
681,40917,48,5220,0.128,0
682,20908,29,3134,0.15,1
683,58000,63,860,0.015,0
684,57747,64,727,0.013,0
685,55116,41,10285,0.187,0
686,57766,44,5445,0.094,0
687,45201,44,7336,0.162,0
688,42435,51,2766,0.065,0
689,46366,42,5443,0.117,0
690,57188,59,9391,0.164,0
691,66540,58,12129,0.182,0
692,25245,53,1279,0.051,0
693,54780,61,8134,0.148,0
694,59253,37,7327,0.124,0
695,48540,21,1013,0.021,0
696,30415,23,4362,0.143,1
697,48769,26,501,0.01,0
698,52299,18,7881,0.151,1
699,42242,34,2070,0.049,0
700,28219,43,1305,0.046,0
701,40208,61,459,0.011,0
702,61420,31,9922,0.162,1
703,51283,27,8445,0.165,1
704,36018,44,1526,0.042,0
705,57575,34,9857,0.171,1
706,53331,42,2343,0.044,0
707,39835,63,700,0.018,0
708,62469,24,7287,0.117,0
709,40335,46,6809,0.169,0
710,47543,41,9448,0.199,0
711,55884,27,975,0.017,0
712,29163,44,1469,0.05,0
713,47786,30,7181,0.15,1
714,29736,35,657,0.022,0
715,50831,24,9573,0.188,1
716,62030,47,7573,0.122,0
717,54049,55,4570,0.085,0
718,34336,36,3442,0.1,0
719,31896,48,3423,0.107,0
720,51895,59,6580,0.127,0
721,37617,53,5732,0.152,0
722,22077,57,3948,0.179,0
723,56253,57,7327,0.13,0
724,26317,37,923,0.035,0
725,23121,40,1418,0.061,0
726,39033,60,5758,0.148,0
727,32421,32,1494,0.046,0
728,68827,25,1049,0.015,0
729,58092,42,5278,0.091,0
730,43539,46,8524,0.196,0
731,64040,59,5409,0.084,0
732,34395,26,2090,0.061,0
733,57406,46,6915,0.12,0
734,22581,41,34,0.002,0
735,27953,42,3965,0.142,0
736,54023,27,10641,0.197,1
737,63546,44,6170,0.097,0
738,60713,56,396,0.007,0
739,44519,32,1446,0.032,0
740,40998,56,7908,0.193,0
741,63661,26,6095,0.096,0
742,34429,40,2240,0.065,0
743,29182,48,2530,0.087,0
744,52510,40,1858,0.035,0
745,37536,26,2634,0.07,0
746,35684,44,4338,0.122,0
747,45622,42,528,0.012,0
748,67385,29,6747,0.1,0
749,69412,47,12177,0.175,0
750,48323,29,7733,0.16,1
751,40837,22,6994,0.171,1
752,38036,61,4299,0.113,0
753,42697,45,222,0.005,0
754,24182,22,1529,0.063,0
755,33194,51,6615,0.199,0
756,32541,34,781,0.024,0
757,38381,54,323,0.008,0
758,25922,58,5105,0.197,0
759,58811,22,9100,0.155,1
760,63026,57,2957,0.047,0
761,29954,62,5774,0.193,0
762,40642,38,5042,0.124,0
763,43941,38,2855,0.065,0
764,65167,26,8859,0.136,1
765,58820,31,531,0.009,0
766,50720,43,4771,0.094,0
767,46767,48,2383,0.051,0
768,67521,45,13042,0.193,0
769,28386,31,1719,0.061,0
770,68276,35,4842,0.071,0
771,30732,40,1130,0.037,0
772,30012,55,3972,0.132,0
773,38075,53,6929,0.182,0
774,55932,44,4876,0.087,0
775,27966,54,4445,0.159,0
776,53826,50,5273,0.098,0
777,65451,60,8129,0.124,0
778,39474,42,6034,0.153,0
779,42345,47,6800,0.161,0
780,36113,61,3737,0.103,0
781,32721,34,4367,0.133,1
782,27974,50,403,0.014,0
783,21306,35,3791,0.178,0
784,36029,53,2928,0.081,0
785,48458,22,8108,0.167,1
786,46039,39,6869,0.149,0
787,34247,35,6459,0.189,1
788,64248,32,4513,0.07,0
789,62110,41,2816,0.045,0
790,21482,20,1138,0.053,0
791,20762,25,2385,0.115,0
792,33757,41,1170,0.035,0
793,54326,30,6979,0.128,1
794,33198,59,3993,0.12,0
795,56846,30,5268,0.093,0
796,26543,46,4233,0.159,0
797,53201,60,3090,0.058,0
798,38073,32,2284,0.06,0
799,43937,56,3214,0.073,0
800,49285,52,494,0.01,0
801,22869,26,528,0.023,0
802,60113,41,8253,0.137,0
803,23613,32,2469,0.105,0
804,68755,53,10991,0.16,0
805,26449,46,2952,0.112,0
806,42855,47,4924,0.115,0
807,25687,36,3728,0.145,0
808,67126,36,7482,0.111,0
809,27428,60,720,0.026,0
810,37146,53,1511,0.041,0
811,41703,42,6106,0.146,0
812,20711,50,3961,0.191,0
813,39124,45,401,0.01,0
814,32835,61,4185,0.127,0
815,26267,59,1136,0.043,0
816,41254,29,6993,0.17,1
817,38269,31,2522,0.066,0
818,37087,58,6391,0.172,0
819,38458,56,3644,0.095,0
820,40186,31,1002,0.025,0
821,65482,45,10614,0.162,0
822,57427,20,2462,0.043,0
823,47903,46,4283,0.089,0
824,34222,52,3582,0.105,0
825,28481,47,5302,0.186,0
826,43070,41,4092,0.095,0
827,33094,33,3853,0.116,0
828,61364,62,9637,0.157,0
829,68101,48,8125,0.119,0
830,50551,57,5263,0.104,0
831,54421,23,6230,0.114,0
832,32152,57,3551,0.11,0
833,40231,59,745,0.019,0
834,53483,29,1460,0.027,0
835,65138,42,10352,0.159,0
836,29497,55,2217,0.075,0
837,45182,48,2243,0.05,0
838,24995,35,52,0.002,0
839,54821,21,10071,0.184,1
840,62956,30,208,0.003,0
841,52956,25,959,0.018,0
842,40366,32,7411,0.184,1
843,60005,40,10678,0.178,0
844,37598,55,3642,0.097,0
845,61323,60,8700,0.142,0
846,21244,58,3439,0.162,0
847,62111,26,499,0.008,0
848,56525,55,5297,0.094,0
849,51718,34,1037,0.02,0
850,43206,23,4835,0.112,0
851,26934,36,4113,0.153,0
852,68967,54,6691,0.097,0
853,31527,59,2063,0.065,0
854,46839,29,1498,0.032,0
855,32151,43,4602,0.143,0
856,40832,47,6430,0.157,0
857,30869,58,4618,0.15,0
858,62989,32,6925,0.11,0
859,65497,62,11806,0.18,0
860,63033,25,390,0.006,0
861,27287,19,4510,0.165,1
862,44299,24,5155,0.116,0
863,44091,30,1664,0.038,0
864,26617,29,2727,0.102,0
865,21856,48,1501,0.069,0
866,28073,54,1,0,0
867,35950,35,2665,0.074,0
868,28982,35,1440,0.05,0
869,51791,41,1281,0.025,0
870,65001,22,1115,0.017,0
871,29761,22,3748,0.126,1
872,23081,54,258,0.011,0
873,60017,23,1523,0.025,0
874,54619,54,901,0.017,0
875,66274,36,10258,0.155,0
876,49381,45,5425,0.11,0
877,46283,48,2166,0.047,0
878,25555,43,4230,0.166,0
879,36680,22,4849,0.132,1
880,30384,47,2154,0.071,0
881,67730,26,8882,0.131,1
882,36447,41,2928,0.08,0
883,33649,61,1498,0.045,0
884,53853,43,2090,0.039,0
885,61298,48,9400,0.153,0
886,69466,21,7984,0.115,0
887,39102,29,4201,0.107,0
888,29367,22,4049,0.138,1
889,67950,34,1790,0.026,0
890,29469,23,3704,0.126,1
891,56839,37,9005,0.158,0
892,38278,45,7406,0.193,0
893,49664,40,5571,0.112,0
894,49972,32,764,0.015,0
895,27357,63,2984,0.109,0
896,36841,37,6558,0.178,0
897,51439,46,6899,0.134,0
898,40615,21,2650,0.065,0
899,56739,63,3211,0.057,0
900,68005,42,2698,0.04,0
901,44459,52,1456,0.033,0
902,66801,19,289,0.004,0
903,48992,19,7453,0.152,1
904,69431,59,2648,0.038,0
905,27989,28,1771,0.063,0
906,67676,38,4396,0.065,0
907,47986,34,8802,0.183,1
908,43388,36,7007,0.161,0
909,63182,26,3493,0.055,0
910,20569,26,2257,0.11,0
911,25834,19,3716,0.144,1
912,23087,38,423,0.018,0
913,36125,25,6485,0.18,1
914,57331,44,1058,0.018,0
915,47240,55,4286,0.091,0
916,55731,55,9286,0.167,0
917,61660,49,1685,0.027,0
918,49747,29,7354,0.148,1
919,23974,55,95,0.004,0
920,28085,45,4431,0.158,0
921,33585,60,3934,0.117,0
922,44179,51,5888,0.133,0
923,56025,29,4342,0.077,0
924,49370,51,109,0.002,0
925,26889,63,676,0.025,0
926,30873,39,4077,0.132,0
927,30609,46,2633,0.086,0
928,54878,43,1504,0.027,0
929,32424,63,2962,0.091,0
930,46608,20,1522,0.033,0
931,65689,28,255,0.004,0
932,49055,54,1102,0.022,0
933,20311,54,1279,0.063,0
934,66423,19,1066,0.016,0
935,45783,64,7493,0.164,0
936,62888,43,6849,0.109,0
937,51088,52,9097,0.178,0
938,66218,19,745,0.011,0
939,62800,35,6753,0.108,0
940,45789,36,4545,0.099,0
941,59727,50,5203,0.087,0
942,35514,61,6983,0.197,0
943,29179,64,1664,0.057,0
944,67502,50,7590,0.112,0
945,66255,29,7475,0.113,0
946,63559,36,9283,0.146,0
947,63442,19,3119,0.049,0
948,64983,27,9110,0.14,1
949,56947,55,11176,0.196,0
950,52350,36,5182,0.099,0
951,31473,28,797,0.025,0
952,59267,35,5085,0.086,0
953,66809,31,1316,0.02,0
954,48083,39,9193,0.191,0
955,20629,28,3310,0.16,1
956,25363,31,3946,0.156,1
957,28874,62,2224,0.077,0
958,41431,34,5719,0.138,1
959,53612,23,5977,0.111,0
960,51556,57,9218,0.179,0
961,46564,51,600,0.013,0
962,61200,19,407,0.007,0
963,29307,61,482,0.016,0
964,67687,21,10506,0.155,1
965,52565,56,373,0.007,0
966,52920,21,9522,0.18,1
967,34981,23,5503,0.157,1
968,65211,28,12608,0.193,1
969,60016,54,2857,0.048,0
970,23067,33,1933,0.084,0
971,52604,44,2043,0.039,0
972,20111,53,1745,0.087,0
973,32760,44,5211,0.159,0
974,30578,55,3010,0.098,0
975,21212,33,932,0.044,0
976,53746,29,9535,0.177,1
977,45214,18,1780,0.039,0
978,58465,20,11417,0.195,1
979,54423,59,445,0.008,0
980,62842,62,108,0.002,0
981,53005,46,2539,0.048,0
982,40749,27,6207,0.152,1
983,49804,20,7235,0.145,1
984,37277,27,6289,0.169,1
985,46883,30,6343,0.135,1
986,31763,36,3489,0.11,0
987,61013,25,1792,0.029,0
988,41285,23,532,0.013,0
989,39134,22,433,0.011,0
990,62172,24,1035,0.017,0
991,53639,44,109,0.002,0
992,49265,58,3052,0.062,0
993,63114,48,11891,0.188,0
994,58166,46,4156,0.071,0
995,43030,27,6894,0.16,1
996,21594,52,458,0.021,0
997,49105,36,9452,0.192,0
998,65776,40,2806,0.043,0
999,36192,21,7236,0.2,1
1000,62166,20,4740,0.076,0
1001,50793,42,422,0.008,0
1002,62422,32,2842,0.046,0
1003,63167,57,4059,0.064,0
1004,23718,49,1530,0.065,0
1005,66798,21,11921,0.178,1
1006,30272,19,1440,0.048,0
1007,55741,53,3182,0.057,0
1008,30743,26,5686,0.185,1
1009,20492,35,1579,0.077,0
1010,35620,41,3611,0.101,0
1011,50206,33,5826,0.116,0
1012,67935,61,8267,0.122,0
1013,59223,23,3901,0.066,0
1014,32657,33,1796,0.055,0
1015,55932,23,4054,0.072,0
1016,23695,23,764,0.032,0
1017,44324,23,2673,0.06,0
1018,34735,62,1402,0.04,0
1019,67064,23,1092,0.016,0
1020,42761,45,611,0.014,0
1021,49518,32,7338,0.148,1
1022,54372,30,839,0.015,0
1023,29942,48,3170,0.106,0
1024,68414,51,6154,0.09,0
1025,23891,51,3476,0.145,0
1026,47188,24,7933,0.168,1
1027,39820,63,3577,0.09,0
1028,50632,54,1262,0.025,0
1029,39970,40,7868,0.197,0
1030,55176,49,7823,0.142,0
1031,50534,57,118,0.002,0
1032,52984,43,5568,0.105,0
1033,31188,31,593,0.019,0
1034,34910,26,2852,0.082,0
1035,53811,51,9154,0.17,0
1036,55479,54,6228,0.112,0
1037,60394,58,8294,0.137,0
1038,36846,52,1790,0.049,0
1039,60265,55,2241,0.037,0
1040,52982,18,3760,0.071,0
1041,50223,21,8735,0.174,1
1042,59257,39,9813,0.166,0
1043,43203,41,7731,0.179,0
1044,46289,24,6054,0.131,1
1045,58176,52,9852,0.169,0
1046,25631,48,4779,0.186,0
1047,58978,30,9442,0.16,1
1048,25048,55,2341,0.093,0
1049,33436,35,5474,0.164,1
1050,23787,36,3042,0.128,0
1051,69457,48,13190,0.19,0
1052,65448,40,3270,0.05,0
1053,68743,56,2290,0.033,0
1054,36053,49,2830,0.079,0
1055,24821,38,52,0.002,0
1056,26046,55,4669,0.179,0
1057,60851,60,7207,0.118,0
1058,69929,51,12428,0.178,0
1059,53298,57,2107,0.04,0
1060,48818,49,2312,0.047,0
1061,38042,33,3496,0.092,0
1062,42120,60,1931,0.046,0
1063,62248,39,1871,0.03,0
1064,62252,28,1700,0.027,0
1065,36973,38,4144,0.112,0
1066,54217,27,8837,0.163,1
1067,44219,59,1694,0.038,0
1068,33274,24,2245,0.067,0
1069,54657,18,9911,0.181,1
1070,67594,25,9864,0.146,1
1071,39473,43,596,0.015,0
1072,30572,49,1847,0.06,0
1073,50448,58,2444,0.048,0
1074,49199,49,484,0.01,0
1075,53768,25,3697,0.069,0
1076,52810,61,6277,0.119,0
1077,38012,19,4625,0.122,1
1078,58910,31,3672,0.062,0
1079,57915,51,6716,0.116,0
1080,39495,29,3544,0.09,0
1081,45919,39,1910,0.042,0
1082,55649,20,7660,0.138,1
1083,27137,19,2253,0.083,0
1084,62725,40,9255,0.148,0
1085,32922,44,2553,0.078,0
1086,28483,20,329,0.012,0
1087,44170,24,2169,0.049,0
1088,60664,22,5873,0.097,0
1089,64502,33,12147,0.188,1
1090,28238,50,2728,0.097,0
1091,67421,21,3669,0.054,0
1092,55643,39,2842,0.051,0
1093,56086,35,3991,0.071,0
1094,57677,21,10505,0.182,1
1095,62536,39,9490,0.152,0
1096,60687,48,10614,0.175,0
1097,25032,46,681,0.027,0
1098,22228,33,2187,0.098,0
1099,41435,35,3702,0.089,0
1100,43955,52,7833,0.178,0
1101,60064,59,6766,0.113,0
1102,34636,19,4859,0.14,1
1103,63944,33,12214,0.191,1
1104,35403,35,2929,0.083,0
1105,53654,44,6588,0.123,0
1106,23508,53,4623,0.197,0
1107,61869,36,1040,0.017,0
1108,20675,24,300,0.015,0
1109,22128,61,1778,0.08,0
1110,27409,38,2591,0.095,0
1111,60721,39,3278,0.054,0
1112,34760,34,29,0.001,0
1113,23057,47,2487,0.108,0
1114,42381,36,6833,0.161,0
1115,37888,24,5062,0.134,1
1116,39989,54,357,0.009,0
1117,25027,63,3846,0.154,0
1118,43588,40,6453,0.148,0
1119,20897,28,2940,0.141,1
1120,24905,53,3377,0.136,0
1121,66069,36,5627,0.085,0
1122,36126,41,3806,0.105,0
1123,23627,34,2174,0.092,0
1124,30200,63,4872,0.161,0
1125,65570,62,12494,0.191,0
1126,20617,47,2224,0.108,0
1127,25817,22,3683,0.143,1
1128,21449,32,1989,0.093,0
1129,69370,52,4606,0.066,0
1130,34146,31,4075,0.119,0
1131,52651,57,6529,0.124,0
1132,40069,43,3646,0.091,0
1133,39247,48,919,0.023,0
1134,56234,58,9642,0.171,0
1135,49264,19,802,0.016,0
1136,30452,42,475,0.016,0
1137,28727,35,3676,0.128,1
1138,20113,30,2508,0.125,1
1139,43435,52,3672,0.085,0
1140,59209,31,11479,0.194,1
1141,69311,42,1590,0.023,0
1142,60567,40,572,0.009,0
1143,22049,54,4199,0.19,0
1144,66734,53,5367,0.08,0
1145,22209,22,4097,0.184,1
1146,49033,55,1778,0.036,0
1147,26558,58,22,0.001,0
1148,49255,37,4952,0.101,0
1149,30218,48,5915,0.196,0
1150,56317,25,8045,0.143,1
1151,53825,45,431,0.008,0
1152,34928,54,1957,0.056,0
1153,53287,60,4433,0.083,0
1154,32033,50,4583,0.143,0
1155,48406,48,3767,0.078,0
1156,46133,27,3216,0.07,0
1157,29049,58,2563,0.088,0
1158,68551,19,3880,0.057,0
1159,47475,38,5084,0.107,0
1160,50022,24,1054,0.021,0
1161,64089,37,6273,0.098,0
1162,28452,42,1043,0.037,0
1163,58132,29,5491,0.094,0
1164,30961,32,163,0.005,0
1165,64163,54,6938,0.108,0
1166,67470,52,12715,0.188,0
1167,68264,43,4124,0.06,0
1168,42889,58,6341,0.148,0
1169,20156,42,3490,0.173,0
1170,58179,50,10948,0.188,0
1171,45735,53,2945,0.064,0
1172,30037,39,1247,0.042,0
1173,64393,38,4513,0.07,0
1174,26291,52,1094,0.042,0
1175,36008,21,3709,0.103,0
1176,54954,45,366,0.007,0
1177,28753,49,4990,0.174,0
1178,41994,36,6644,0.158,0
1179,56696,58,9687,0.171,0
1180,51906,37,10235,0.197,0
1181,30939,48,6116,0.198,0
1182,38521,57,4177,0.108,0
1183,33489,26,3582,0.107,0
1184,52836,38,5672,0.107,0
1185,51733,25,7906,0.153,1
1186,41274,32,3300,0.08,0
1187,68224,29,7364,0.108,0
1188,28223,40,613,0.022,0
1189,21921,62,1901,0.087,0
1190,38853,27,7513,0.193,1
1191,59621,54,7015,0.118,0
1192,41378,46,5324,0.129,0
1193,54406,57,6253,0.115,0
1194,60103,56,2632,0.044,0
1195,67529,53,7877,0.117,0
1196,61157,32,3250,0.053,0
1197,42956,45,2963,0.069,0
1198,46923,36,3108,0.066,0
1199,24951,62,2544,0.102,0
1200,26268,34,59,0.002,0
1201,64604,33,11265,0.174,1
1202,34667,19,2827,0.082,0
1203,66008,19,9190,0.139,1
1204,45840,32,5299,0.116,0
1205,32188,49,4660,0.145,0
1206,50290,24,6127,0.122,1
1207,36838,55,1598,0.043,0
1208,28852,44,5706,0.198,0
1209,68127,48,12100,0.178,0
1210,41349,54,8083,0.195,0
1211,69132,33,7621,0.11,0
1212,38477,27,290,0.008,0
1213,68291,47,9578,0.14,0
1214,58075,60,8551,0.147,0
1215,26867,33,1730,0.064,0
1216,32348,60,3230,0.1,0
1217,31044,50,4466,0.144,0
1218,29280,19,2292,0.078,0
1219,35145,48,511,0.015,0
1220,44405,34,3918,0.088,0
1221,42060,55,5310,0.126,0
1222,28612,59,4948,0.173,0
1223,46547,61,255,0.005,0
1224,22832,33,3318,0.145,1
1225,21566,44,4137,0.192,0
1226,26078,32,3666,0.141,1
1227,60504,20,6767,0.112,0
1228,31233,42,1662,0.053,0
1229,34506,49,2152,0.062,0
1230,35485,47,2482,0.07,0
1231,45986,20,7113,0.155,1
1232,43308,35,6777,0.156,1
1233,53284,32,850,0.016,0
1234,68398,37,8107,0.119,0
1235,64744,56,4305,0.066,0
1236,68413,28,552,0.008,0
1237,59695,28,8890,0.149,1
1238,32407,21,3395,0.105,0
1239,33184,60,4580,0.138,0
1240,47688,35,1377,0.029,0
1241,42592,45,4602,0.108,0
1242,34052,36,6224,0.183,0
1243,61800,30,9144,0.148,1
1244,45361,27,4570,0.101,0
1245,20252,27,3360,0.166,1
1246,30135,44,959,0.032,0
1247,56217,52,2867,0.051,0
1248,31723,35,2878,0.091,0
1249,60178,33,3204,0.053,0
1250,51144,38,3412,0.067,0
1251,22449,36,1187,0.053,0
1252,44933,27,623,0.014,0
1253,40929,20,2352,0.057,0
1254,31092,44,5618,0.181,0
1255,44744,53,2575,0.058,0
1256,60770,34,2243,0.037,0
1257,43528,60,2265,0.052,0
1258,25009,63,2941,0.118,0
1259,47433,60,9139,0.193,0
1260,50064,29,418,0.008,0
1261,60348,60,3038,0.05,0
1262,67471,27,4448,0.066,0
1263,30493,62,4835,0.159,0
1264,25640,23,3105,0.121,1
1265,55041,53,8352,0.152,0
1266,34477,23,898,0.026,0
1267,23346,38,4548,0.195,0
1268,24426,35,824,0.034,0
1269,65850,31,5051,0.077,0
1270,60455,41,7875,0.13,0
1271,22680,55,1744,0.077,0
1272,44472,20,5884,0.132,1
1273,46572,59,721,0.015,0
1274,24370,62,1367,0.056,0
1275,56830,37,10463,0.184,0
1276,46943,56,2187,0.047,0
1277,42522,55,6746,0.159,0
1278,63188,51,3961,0.063,0
1279,29410,23,812,0.028,0
1280,46669,58,1833,0.039,0
1281,62693,23,5322,0.085,0
1282,65307,24,1907,0.029,0
1283,59589,21,4192,0.07,0
1284,41020,23,3006,0.073,0
1285,48059,48,6528,0.136,0
1286,50209,35,730,0.015,0
1287,62527,61,5836,0.093,0
1288,48192,30,5026,0.104,0
1289,30884,31,4100,0.133,1
1290,36966,54,6333,0.171,0
1291,43536,28,6428,0.148,1
1292,69182,39,1174,0.017,0
1293,64233,27,12105,0.188,1
1294,52594,20,812,0.015,0
1295,32282,43,3346,0.104,0
1296,54078,57,7149,0.132,0
1297,51595,28,385,0.007,0
1298,23097,54,4518,0.196,0
1299,27407,26,2950,0.108,0
1300,64395,63,10055,0.156,0
1301,60432,42,6301,0.104,0
1302,42991,30,4666,0.109,0
1303,41582,23,7895,0.19,1
1304,53289,47,8047,0.151,0
1305,22373,31,1119,0.05,0
1306,57120,22,10212,0.179,1
1307,31112,50,424,0.014,0
1308,68936,43,11073,0.161,0
1309,20436,57,2356,0.115,0
1310,20584,22,53,0.003,0
1311,58988,20,4728,0.08,0
1312,45312,27,3104,0.068,0
1313,60857,37,10238,0.168,0
1314,45818,48,8137,0.178,0
1315,20905,41,2606,0.125,0
1316,49908,30,2903,0.058,0
1317,55988,31,7746,0.138,1
1318,62125,21,5700,0.092,0
1319,48823,61,599,0.012,0
1320,29977,58,3796,0.127,0
1321,41944,61,1204,0.029,0
1322,36970,34,1269,0.034,0
1323,39993,21,4999,0.125,1
1324,42451,62,6210,0.146,0
1325,42147,24,7367,0.175,1
1326,52842,18,5957,0.113,0
1327,66419,63,9341,0.141,0
1328,44048,27,2097,0.048,0
1329,24821,19,874,0.035,0
1330,35584,63,27,0.001,0
1331,25290,21,2131,0.084,0
1332,39770,45,281,0.007,0
1333,59511,29,2521,0.042,0
1334,51212,46,4093,0.08,0
1335,56530,46,5958,0.105,0
1336,42604,42,7942,0.186,0
1337,66642,56,4958,0.074,0
1338,35528,47,325,0.009,0
1339,66897,32,387,0.006,0
1340,51980,35,6243,0.12,0
1341,40081,43,771,0.019,0
1342,50168,42,5593,0.111,0
1343,39546,44,5788,0.146,0
1344,43372,55,475,0.011,0
1345,33084,59,5762,0.174,0
1346,53188,64,4880,0.092,0
1347,48291,30,4903,0.102,0
1348,66079,46,3665,0.055,0
1349,51547,53,6563,0.127,0
1350,39393,53,5415,0.137,0
1351,69592,63,13025,0.187,0
1352,54589,31,2848,0.052,0
1353,44964,48,693,0.015,0
1354,46082,50,1488,0.032,0
1355,45564,22,716,0.016,0
1356,62658,28,5771,0.092,0
1357,67922,36,1400,0.021,0
1358,59514,57,2505,0.042,0
1359,48423,42,3521,0.073,0
1360,22001,32,2156,0.098,0
1361,52530,19,9808,0.187,1
1362,24061,35,3981,0.165,1
1363,23451,34,1420,0.061,0
1364,32867,45,6037,0.184,0
1365,30959,44,1559,0.05,0
1366,27551,30,3944,0.143,1
1367,36025,52,4155,0.115,0
1368,46801,35,5316,0.114,0
1369,27083,60,4991,0.184,0
1370,65435,20,12728,0.195,1
1371,59296,51,494,0.008,0
1372,45435,21,2143,0.047,0
1373,61743,35,327,0.005,0
1374,31397,35,3719,0.118,0
1375,35917,54,6401,0.178,0
1376,43970,25,7456,0.17,1
1377,60625,40,6741,0.111,0
1378,69939,56,2225,0.032,0
1379,69755,45,13766,0.197,0
1380,69478,23,10229,0.147,1
1381,34192,28,5234,0.153,1
1382,57458,51,3609,0.063,0
1383,63910,57,8987,0.141,0
1384,26644,19,1414,0.053,0
1385,23985,24,2284,0.095,0
1386,63661,50,7833,0.123,0
1387,44102,21,843,0.019,0
1388,29410,42,3389,0.115,0
1389,49295,37,4575,0.093,0
1390,39554,54,7064,0.179,0
1391,68583,57,2922,0.043,0
1392,31061,53,3730,0.12,0
1393,29190,60,5240,0.179,0
1394,63438,55,11963,0.189,0
1395,35243,36,749,0.021,0
1396,36475,63,413,0.011,0
1397,63272,23,11298,0.179,1
1398,45540,59,1490,0.033,0
1399,68565,21,1232,0.018,0
1400,20063,24,2495,0.124,1
1401,44222,56,7443,0.168,0
1402,67839,48,5609,0.083,0
1403,54010,49,885,0.016,0
1404,52234,48,9256,0.177,0
1405,28423,62,5283,0.186,0
1406,52623,50,1156,0.022,0
1407,25636,56,1240,0.048,0
1408,60843,60,6609,0.109,0
1409,36728,58,7288,0.198,0
1410,63831,35,5272,0.083,0
1411,43108,22,648,0.015,0
1412,25285,20,1028,0.041,0
1413,57646,63,1452,0.025,0
1414,51028,62,3313,0.065,0
1415,37390,34,7366,0.197,1
1416,65018,27,1017,0.016,0
1417,20596,45,1330,0.065,0
1418,56445,56,6876,0.122,0
1419,60864,44,3704,0.061,0
1420,51231,63,813,0.016,0
1421,41103,63,3644,0.089,0
1422,56267,43,8238,0.146,0
1423,20775,36,1347,0.065,0
1424,46424,59,4087,0.088,0
1425,29910,63,4495,0.15,0
1426,62809,57,6466,0.103,0
1427,41244,52,4162,0.101,0
1428,46089,63,1618,0.035,0
1429,69191,57,6271,0.091,0
1430,60847,33,8974,0.147,1
1431,66559,49,3091,0.046,0
1432,27428,54,1288,0.047,0
1433,60913,61,3870,0.064,0
1434,28128,41,3280,0.117,0
1435,64030,36,1644,0.026,0
1436,61837,30,10972,0.177,1
1437,37005,59,1069,0.029,0
1438,56004,18,3640,0.065,0
1439,58039,54,538,0.009,0
1440,29237,25,24,0.001,0
1441,33266,22,5968,0.179,1
1442,66237,36,2757,0.042,0
1443,41979,53,1604,0.038,0
1444,63453,24,10668,0.168,1
1445,24986,50,2017,0.081,0
1446,53593,63,1428,0.027,0
1447,54180,53,10028,0.185,0
1448,20126,36,1432,0.071,0
1449,51181,57,2875,0.056,0
1450,36456,38,3437,0.094,0
1451,39189,22,3545,0.09,0
1452,47853,39,3295,0.069,0
1453,20014,43,2426,0.121,0
1454,28630,27,4407,0.154,1
1455,66689,48,9690,0.145,0
1456,53226,44,5687,0.107,0
1457,35609,48,2574,0.072,0
1458,64066,43,772,0.012,0
1459,54936,43,7922,0.144,0
1460,67801,29,5035,0.074,0
1461,46893,44,9132,0.195,0
1462,54649,56,10675,0.195,0
1463,31411,36,5797,0.185,0
1464,36990,34,557,0.015,0
1465,33198,30,4285,0.129,1
1466,47704,22,2717,0.057,0
1467,30570,37,4753,0.155,0
1468,61399,63,9008,0.147,0
1469,67751,34,6856,0.101,0
1470,47638,51,6709,0.141,0
1471,38358,26,2548,0.066,0
1472,43156,28,2413,0.056,0
1473,41102,36,5240,0.127,0
1474,59475,37,2628,0.044,0
1475,40709,33,5532,0.136,1
1476,30391,59,2073,0.068,0
1477,46024,24,4318,0.094,0
1478,66529,59,6338,0.095,0
1479,68116,37,7459,0.109,0
1480,38423,29,3677,0.096,0
1481,33227,23,6470,0.195,1
1482,61674,55,4055,0.066,0
1483,26931,41,3669,0.136,0
1484,60041,44,2660,0.044,0
1485,26181,43,2619,0.1,0
1486,61552,61,4043,0.066,0
1487,29705,42,1912,0.064,0
1488,53935,21,2086,0.039,0
1489,23007,49,2297,0.1,0
1490,48553,29,5651,0.116,0
1491,66371,63,5176,0.078,0
1492,49140,44,8833,0.18,0
1493,39685,34,2591,0.065,0
1494,32025,38,217,0.007,0
1495,55568,43,6115,0.11,0
1496,45899,25,5617,0.122,1
1497,39218,30,865,0.022,0
1498,34071,27,1402,0.041,0
1499,66768,49,4255,0.064,0
1500,31401,63,4464,0.142,0
1501,49336,44,2550,0.052,0
1502,51774,48,1509,0.029,0
1503,43065,44,787,0.018,0
1504,41226,49,2156,0.052,0
1505,43045,61,1662,0.039,0
1506,33546,55,5347,0.159,0
1507,69209,26,6285,0.091,0
1508,32292,39,277,0.009,0
1509,66274,22,11577,0.175,1
1510,34103,42,1269,0.037,0
1511,21145,21,703,0.033,0
1512,41050,50,5890,0.143,0
1513,36351,34,6620,0.182,1
1514,63144,32,813,0.013,0
1515,32087,28,6362,0.198,1
1516,28873,62,993,0.034,0
1517,65359,19,7707,0.118,0
1518,49064,43,5636,0.115,0
1519,23763,39,2950,0.124,0
1520,51846,43,8751,0.169,0
1521,67035,46,11277,0.168,0
1522,49241,53,8004,0.163,0
1523,36132,19,3009,0.083,0
1524,67007,36,3692,0.055,0
1525,39454,32,437,0.011,0
1526,52206,25,1135,0.022,0
1527,46319,45,1523,0.033,0
1528,29399,41,4674,0.159,0
1529,31136,19,2458,0.079,0
1530,65604,19,11775,0.179,1
1531,41363,44,608,0.015,0
1532,60303,52,6510,0.108,0
1533,54468,24,69,0.001,0
1534,47684,32,4752,0.1,0
1535,38160,31,3430,0.09,0
1536,22926,35,2547,0.111,0
1537,64088,38,723,0.011,0
1538,65825,41,2643,0.04,0
1539,53452,50,10530,0.197,0
1540,36455,35,2464,0.068,0
1541,39573,29,5786,0.146,1
1542,41052,50,4653,0.113,0
1543,37895,55,6071,0.16,0
1544,44827,56,2640,0.059,0
1545,28341,40,2248,0.079,0
1546,56887,36,10970,0.193,0
1547,25147,21,2891,0.115,0
1548,54739,28,7219,0.132,1
1549,30497,28,4574,0.15,1
1550,25359,41,2220,0.088,0
1551,29994,49,2750,0.092,0
1552,64676,31,4629,0.072,0
1553,56256,22,5452,0.097,0
1554,31702,28,3588,0.113,0
1555,34113,31,6360,0.186,1
1556,44666,55,7548,0.169,0
1557,39421,26,6112,0.155,1
1558,21683,46,340,0.016,0
1559,65698,36,5645,0.086,0
1560,68658,36,2428,0.035,0
1561,66981,27,6679,0.1,0
1562,45971,27,4776,0.104,0
1563,42966,45,8109,0.189,0
1564,50896,19,5557,0.109,0
1565,46175,37,1064,0.023,0
1566,44985,52,4585,0.102,0
1567,66942,23,12381,0.185,1
1568,31022,39,6145,0.198,0
1569,46583,33,6241,0.134,1
1570,56202,43,8346,0.149,0
1571,31587,56,2678,0.085,0
1572,40716,26,2390,0.059,0
1573,64966,28,11496,0.177,1
1574,68503,19,3580,0.052,0
1575,33868,30,5714,0.169,1
1576,54195,39,6650,0.123,0
1577,50565,63,693,0.014,0
1578,57216,32,3554,0.062,0
1579,29850,40,3679,0.123,0
1580,29072,38,1589,0.055,0
1581,29775,21,3327,0.112,0
1582,46673,55,1408,0.03,0
1583,66394,59,9540,0.144,0
1584,29338,26,5120,0.175,1
1585,67290,27,13377,0.199,1
1586,45980,32,5929,0.129,1
1587,34164,46,6617,0.194,0
1588,52217,24,6803,0.13,1
1589,62313,61,926,0.015,0
1590,49206,25,3394,0.069,0
1591,65689,25,3674,0.056,0
1592,43490,52,6501,0.149,0
1593,40967,47,2394,0.058,0
1594,37261,24,2076,0.056,0
1595,58775,46,5674,0.097,0
1596,39396,36,7558,0.192,0
1597,21144,58,988,0.047,0
1598,33126,51,4170,0.126,0
1599,30932,36,1075,0.035,0
1600,31937,59,4088,0.128,0
1601,38157,52,5628,0.147,0
1602,21033,30,4024,0.191,1
1603,50239,35,2568,0.051,0
1604,67347,35,6752,0.1,0
1605,33262,18,587,0.018,0
1606,53113,59,10081,0.19,0
1607,42750,56,4627,0.108,0
1608,42108,27,1021,0.024,0
1609,61345,20,7173,0.117,0
1610,54739,27,6211,0.113,0
1611,69695,26,8418,0.121,1
1612,62507,28,6591,0.105,0
1613,61923,25,1933,0.031,0
1614,58024,43,2786,0.048,0
1615,27011,37,2373,0.088,0
1616,21195,26,1103,0.052,0
1617,68338,34,12841,0.188,1
1618,67773,42,5038,0.074,0
1619,67132,58,2271,0.034,0
1620,33159,42,2136,0.064,0
1621,66087,51,11039,0.167,0
1622,60362,25,10307,0.171,1
1623,54609,18,5618,0.103,0
1624,63637,27,9955,0.156,1
1625,40919,37,3814,0.093,0
1626,51486,34,3955,0.077,0
1627,44896,49,3788,0.084,0
1628,24878,30,1546,0.062,0
1629,52263,34,10162,0.194,1
1630,42776,39,6146,0.144,0
1631,67064,18,8945,0.133,1
1632,50308,52,7208,0.143,0
1633,37433,23,4446,0.119,0
1634,30084,18,737,0.025,0
1635,61427,20,2163,0.035,0
1636,54719,30,2883,0.053,0
1637,47924,57,6932,0.145,0
1638,22881,18,1909,0.083,0
1639,46119,24,2728,0.059,0
1640,35082,41,2918,0.083,0
1641,38387,30,6454,0.168,1
1642,57414,44,9421,0.164,0
1643,28198,62,4371,0.155,0
1644,50118,33,3599,0.072,0
1645,34876,53,3102,0.089,0
1646,64126,19,4957,0.077,0
1647,41917,48,6106,0.146,0
1648,50052,27,5589,0.112,0
1649,39159,41,6888,0.176,0
1650,62219,20,5832,0.094,0
1651,67151,52,3942,0.059,0
1652,46166,26,902,0.02,0
1653,23882,33,1191,0.05,0
1654,48445,39,8733,0.18,0
1655,32442,59,841,0.026,0
1656,33820,61,4342,0.128,0
1657,61813,53,3124,0.051,0
1658,25348,62,2189,0.086,0
1659,33966,44,3124,0.092,0
1660,23642,57,4204,0.178,0
1661,50661,52,7511,0.148,0
1662,44037,58,5270,0.12,0
1663,51657,35,609,0.012,0
1664,46573,53,5533,0.119,0
1665,26922,44,3950,0.147,0
1666,48414,22,2106,0.043,0
1667,43975,47,8371,0.19,0
1668,65914,23,12972,0.197,1
1669,64716,61,11174,0.173,0
1670,25482,48,4006,0.157,0
1671,54171,37,1049,0.019,0
1672,51654,20,1853,0.036,0
1673,66055,39,10321,0.156,0
1674,60019,19,6978,0.116,0
1675,31524,62,5697,0.181,0
1676,65661,22,93,0.001,0
1677,61893,19,6038,0.098,0
1678,49230,48,8376,0.17,0
1679,38338,56,5691,0.148,0
1680,64016,44,10048,0.157,0
1681,46309,41,6815,0.147,0
1682,66209,45,7135,0.108,0
1683,47771,34,5367,0.112,0
1684,29856,18,4732,0.158,1
1685,21451,52,1719,0.08,0
1686,59673,57,7534,0.126,0
1687,47481,20,9403,0.198,1
1688,36220,57,4281,0.118,0
1689,59459,56,1513,0.025,0
1690,67011,52,11647,0.174,0
1691,58693,27,4033,0.069,0
1692,43041,47,2246,0.052,0
1693,31920,52,217,0.007,0
1694,32771,59,1854,0.057,0
1695,55487,32,179,0.003,0
1696,68407,46,2491,0.036,0
1697,37277,28,4243,0.114,0
1698,39763,26,3809,0.096,0
1699,41674,55,3203,0.077,0
1700,25790,45,4442,0.172,0
1701,24575,37,1668,0.068,0
1702,58082,60,9176,0.158,0
1703,67882,53,10504,0.155,0
1704,50115,27,3447,0.069,0
1705,40443,34,1857,0.046,0
1706,65825,20,155,0.002,0
1707,51200,22,4065,0.079,0
1708,67032,44,5488,0.082,0
1709,42206,23,2445,0.058,0
1710,37730,52,5274,0.14,0
1711,47398,50,9042,0.191,0
1712,48933,50,5071,0.104,0
1713,53079,49,10566,0.199,0
1714,53237,58,704,0.013,0
1715,58122,58,5161,0.089,0
1716,57261,40,2528,0.044,0
1717,52103,19,8800,0.169,1
1718,45166,38,5535,0.123,0
1719,58809,37,5471,0.093,0
1720,36598,42,6849,0.187,0
1721,62096,25,8035,0.129,1
1722,68114,47,4325,0.063,0
1723,67978,23,7383,0.109,0
1724,26616,53,3458,0.13,0
1725,51254,51,8747,0.171,0
1726,34429,27,6017,0.175,1
1727,60975,34,6166,0.101,0
1728,63331,30,5171,0.082,0
1729,58168,27,2935,0.05,0
1730,59580,51,2319,0.039,0
1731,52220,48,6560,0.126,0
1732,28701,29,5090,0.177,1
1733,27194,21,4519,0.166,1
1734,67418,30,6478,0.096,0
1735,57341,23,785,0.014,0
1736,64057,49,5983,0.093,0
1737,66371,38,5906,0.089,0
1738,45045,59,8489,0.188,0
1739,58609,22,4271,0.073,0
1740,53289,32,7396,0.139,1
1741,60309,34,2343,0.039,0
1742,45139,20,1744,0.039,0
1743,22816,62,2749,0.12,0
1744,45215,28,384,0.008,0
1745,40568,36,5990,0.148,0
1746,43721,55,5923,0.135,0
1747,38130,19,3965,0.104,0
1748,22548,58,2957,0.131,0
1749,57468,62,8453,0.147,0
1750,25535,38,1085,0.042,0
1751,26326,56,3336,0.127,0
1752,65914,36,11739,0.178,0
1753,67119,18,2725,0.041,0
1754,62020,57,114,0.002,0
1755,37966,28,299,0.008,0
1756,62115,31,12116,0.195,1
1757,36871,46,793,0.021,0
1758,65031,37,2232,0.034,0
1759,23194,42,549,0.024,0
1760,59569,41,7685,0.129,0
1761,50528,27,5639,0.112,0
1762,60776,34,10382,0.171,1
1763,61632,34,3029,0.049,0
1764,45930,50,7765,0.169,0
1765,25858,42,1810,0.07,0
1766,55094,55,6485,0.118,0
1767,42301,20,1481,0.035,0
1768,51904,60,8808,0.17,0
1769,64398,36,1675,0.026,0
1770,41090,58,997,0.024,0
1771,36728,25,795,0.022,0
1772,38163,63,454,0.012,0
1773,35950,57,3680,0.102,0
1774,44980,33,6045,0.134,1
1775,48212,31,2606,0.054,0
1776,28267,55,965,0.034,0
1777,33816,60,5266,0.156,0
1778,33079,36,6278,0.19,0
1779,36020,43,2988,0.083,0
1780,34239,63,6003,0.175,0
1781,62065,23,2972,0.048,0
1782,44868,56,366,0.008,0
1783,37163,29,3111,0.084,0
1784,65681,63,8838,0.135,0
1785,58773,47,7048,0.12,0
1786,32435,43,5685,0.175,0
1787,58028,50,5754,0.099,0
1788,60595,62,4534,0.075,0
1789,36566,20,1888,0.052,0
1790,20743,62,2296,0.111,0
1791,46667,19,7678,0.165,1
1792,32204,61,838,0.026,0
1793,36535,30,272,0.007,0
1794,28163,58,2121,0.075,0
1795,39019,32,3197,0.082,0
1796,24709,55,1915,0.078,0
1797,43053,32,489,0.011,0
1798,25004,53,2184,0.087,0
1799,46697,34,4732,0.101,0
1800,50112,41,5067,0.101,0
1801,43266,45,6194,0.143,0
1802,67803,49,13443,0.198,0
1803,55409,43,10300,0.186,0
1804,67049,55,10840,0.162,0
1805,40263,52,6536,0.162,0
1806,46427,62,5671,0.122,0
1807,46911,23,4264,0.091,0
1808,57360,35,10011,0.175,1
1809,34569,64,6255,0.181,0
1810,52797,21,1080,0.02,0
1811,56630,58,8443,0.149,0
1812,45246,36,1974,0.044,0
1813,20804,62,758,0.036,0
1814,57718,49,3153,0.055,0
1815,20648,20,725,0.035,0
1816,59046,37,8237,0.14,0
1817,62662,25,1966,0.031,0
1818,33614,46,4838,0.144,0
1819,48765,50,5184,0.106,0
1820,57241,42,314,0.005,0
1821,49974,44,364,0.007,0
1822,41256,46,5297,0.128,0
1823,61130,35,11303,0.185,0
1824,48939,60,3029,0.062,0
1825,68648,28,9426,0.137,1
1826,41251,39,7652,0.185,0
1827,22416,41,4372,0.195,0
1828,24112,36,3285,0.136,0
1829,41693,62,1709,0.041,0
1830,23517,27,560,0.024,0
1831,53812,45,3245,0.06,0
1832,29750,46,3628,0.122,0
1833,22634,38,554,0.024,0
1834,28714,55,1937,0.067,0
1835,63322,19,8093,0.128,1
1836,35277,29,6820,0.193,1
1837,35915,61,521,0.015,0
1838,31568,64,5067,0.161,0
1839,39934,32,185,0.005,0
1840,48615,61,5985,0.123,0
1841,29838,26,5914,0.198,1
1842,57745,37,5540,0.096,0
1843,44448,33,2714,0.061,0
1844,51768,31,6632,0.128,1
1845,34891,55,6152,0.176,0
1846,45383,43,2742,0.06,0
1847,40719,23,6415,0.158,1
1848,55146,58,8969,0.163,0
1849,48752,31,8935,0.183,1
1850,55763,31,7914,0.142,1
1851,36431,46,6783,0.186,0
1852,40523,64,7721,0.191,0
1853,42466,58,7315,0.172,0
1854,38562,46,4831,0.125,0
1855,54957,60,6976,0.127,0
1856,24822,29,2361,0.095,0
1857,25252,24,435,0.017,0
1858,25672,19,2272,0.089,0
1859,60672,43,6280,0.104,0
1860,60730,41,5007,0.082,0
1861,40241,27,7499,0.186,1
1862,57514,33,6921,0.12,1
1863,64287,46,6302,0.098,0
1864,48428,34,7718,0.159,1
1865,55314,25,9733,0.176,1
1866,27045,50,2504,0.093,0
1867,58216,27,9582,0.165,1
1868,34723,22,4073,0.117,0
1869,58504,42,7050,0.121,0
1870,55300,62,8052,0.146,0
1871,49502,51,2227,0.045,0
1872,61766,60,3650,0.059,0
1873,48431,19,6070,0.125,1
1874,66367,42,465,0.007,0
1875,55321,29,5991,0.108,0
1876,48774,63,3728,0.076,0
1877,61680,24,3060,0.05,0
1878,61485,60,3212,0.052,0
1879,24402,52,101,0.004,0
1880,21259,54,707,0.033,0
1881,48764,28,8172,0.168,1
1882,24407,38,1733,0.071,0
1883,61694,26,1569,0.025,0
1884,22748,27,109,0.005,0
1885,21480,24,1098,0.051,0
1886,51287,46,1134,0.022,0
1887,27154,49,3178,0.117,0
1888,36370,40,2855,0.079,0
1889,32401,62,3592,0.111,0
1890,60434,63,2474,0.041,0
1891,57303,52,10492,0.183,0
1892,42995,36,4454,0.104,0
1893,68340,23,2506,0.037,0
1894,49292,21,967,0.02,0
1895,57802,43,6797,0.118,0
1896,50779,39,6860,0.135,0
1897,35994,54,94,0.003,0
1898,21771,34,350,0.016,0
1899,61415,57,9744,0.159,0
1900,35785,47,110,0.003,0
1901,24791,40,4845,0.195,0
1902,49049,52,6363,0.13,0
1903,69852,62,9246,0.132,0
1904,21218,21,2691,0.127,1
1905,48031,44,7826,0.163,0
1906,64072,61,2426,0.038,0
1907,56689,41,5741,0.101,0
1908,45769,56,8236,0.18,0
1909,35020,25,6833,0.195,1
1910,56752,59,7877,0.139,0
1911,27364,44,3215,0.118,0
1912,48456,27,1781,0.037,0
1913,21424,37,1795,0.084,0
1914,69992,42,53,0.001,0
1915,68110,32,11030,0.162,1
1916,48016,28,54,0.001,0
1917,23102,36,1780,0.077,0
1918,46135,55,8717,0.189,0
1919,48548,57,1941,0.04,0
1920,26095,58,5143,0.197,0
1921,64058,60,5774,0.09,0
1922,24454,52,865,0.035,0
1923,40507,52,5962,0.147,0
1924,43421,27,4706,0.108,0
1925,55882,33,8383,0.15,1
1926,45918,45,8253,0.18,0
1927,52902,60,729,0.014,0
1928,41184,56,7607,0.185,0
1929,25380,25,4693,0.185,1
1930,27514,36,192,0.007,0
1931,44241,20,8733,0.197,1
1932,29076,41,286,0.01,0
1933,60537,32,3133,0.052,0
1934,47882,38,5576,0.116,0
1935,49144,52,1633,0.033,0
1936,33708,60,322,0.01,0
1937,46442,29,1485,0.032,0
1938,25603,28,2215,0.087,0
1939,61236,36,6563,0.107,0
1940,48187,56,2003,0.042,0
1941,29933,19,5954,0.199,1
1942,41028,45,4369,0.106,0
1943,49991,46,1897,0.038,0
1944,59793,24,660,0.011,0
1945,35880,41,5335,0.149,0
1946,29102,27,1890,0.065,0
1947,30048,51,5769,0.192,0
1948,59299,37,4944,0.083,0
1949,64484,33,1392,0.022,0
1950,36352,44,6239,0.172,0
1951,66035,61,3914,0.059,0
1952,51650,40,3743,0.072,0
1953,31898,41,2015,0.063,0
1954,58780,19,5030,0.086,0
1955,67754,43,2990,0.044,0
1956,48500,61,7055,0.145,0
1957,55705,49,5594,0.1,0
1958,50459,52,9853,0.195,0
1959,48263,29,7799,0.162,1
1960,38755,56,4244,0.11,0
1961,68132,57,7813,0.115,0
1962,28991,37,1249,0.043,0
1963,35109,41,4003,0.114,0
1964,28859,24,3765,0.13,1
1965,22801,28,3741,0.164,1
1966,29573,39,5006,0.169,0
1967,21982,35,4265,0.194,1
1968,45577,39,4953,0.109,0
1969,55069,52,4853,0.088,0
1970,56441,43,9044,0.16,0
1971,68048,48,4023,0.059,0
1972,36276,30,644,0.018,0
1973,52389,55,10399,0.198,0
1974,23678,47,1780,0.075,0
1975,37708,31,268,0.007,0
1976,57754,54,5067,0.088,0
1977,30530,48,6047,0.198,0
1978,44022,31,1708,0.039,0
1979,58534,41,7832,0.134,0
1980,33703,48,922,0.027,0
1981,40237,53,4354,0.108,0
1982,62619,44,3960,0.063,0
1983,50738,46,9720,0.192,0
1984,64467,33,8537,0.132,1
1985,64636,61,2583,0.04,0
1986,22372,39,2292,0.102,0
1987,67995,39,7289,0.107,0
1988,49640,21,5761,0.116,0
1989,42067,24,4602,0.109,0
1990,43662,25,7270,0.166,1
1991,34238,34,2658,0.078,0
1992,26300,46,2317,0.088,0
1993,30804,23,623,0.02,0
1994,54421,27,3274,0.06,0
1995,24255,38,2225,0.092,0
1996,59221,49,1927,0.033,0
1997,69516,23,3503,0.05,0
1998,44311,28,5523,0.125,1
1999,43756,64,1623,0.037,0
2000,69437,56,7379,0.106,0
